Workbook
Name Slicer_Contract: #N/A
Name Slicer_Gender: #N/A
Name Slicer_InternetService: #N/A
Name Slicer_PaymentMethod: #N/A

Sheet Churn_Dat
A1: customerID | B1: PhoneService | C1: Contract | D1: PaperlessBilling | E1: PaymentMethod | F1: tenure | G1: MonthlyCharges | H1: TotalCharges | I1: Churn
A2: 7590-VHVEG | B2: No | C2: Month-to-month | D2: Yes | E2: Electronic check | F2: 1 | G2: 29.85 | H2: 29.85 | I2: No
A3: 5575-GNVDE | B3: Yes | C3: One year | D3: No | E3: Mailed check | F3: 34 | G3: 56.95 | H3: 1889.5 | I3: No
A4: 3668-QPYBK | B4: Yes | C4: Month-to-month | D4: Yes | E4: Mailed check | F4: 2 | G4: 53.85 | H4: 108.15 | I4: Yes
A5: 7795-CFOCW | B5: No | C5: One year | D5: No | E5: Bank transfer (automatic) | F5: 45 | G5: 42.3 | H5: 1840.75 | I5: No
A6: 9237-HQITU | B6: Yes | C6: Month-to-month | D6: Yes | E6: Electronic check | F6: 2 | G6: 70.7 | H6: 151.65 | I6: Yes
A7: 9305-CDSKC | B7: Yes | C7: Month-to-month | D7: Yes | E7: Electronic check | F7: 8 | G7: 99.65 | H7: 820.5 | I7: Yes
A8: 1452-KIOVK | B8: Yes | C8: Month-to-month | D8: Yes | E8: Credit card (automatic) | F8: 22 | G8: 89.1 | H8: 1949.4 | I8: No
A9: 6713-OKOMC | B9: No | C9: Month-to-month | D9: No | E9: Mailed check | F9: 10 | G9: 29.75 | H9: 301.9 | I9: No
A10: 7892-POOKP | B10: Yes | C10: Month-to-month | D10: Yes | E10: Electronic check | F10: 28 | G10: 104.8 | H10: 3046.05 | I10: Yes
A11: 6388-TABGU | B11: Yes | C11: One year | D11: No | E11: Bank transfer (automatic) | F11: 62 | G11: 56.15 | H11: 3487.95 | I11: No
A12: 9763-GRSKD | B12: Yes | C12: Month-to-month | D12: Yes | E12: Mailed check | F12: 13 | G12: 49.95 | H12: 587.45 | I12: No
A13: 7469-LKBCI | B13: Yes | C13: Two year | D13: No | E13: Credit card (automatic) | F13: 16 | G13: 18.95 | H13: 326.8 | I13: No
... A7044: 3186-AJIEK | B7044: Yes | C7044: Two year | D7044: Yes | E7044: Bank transfer (automatic) | F7044: 66 | G7044: 105.65 | H7044: 6844.5 | I7044: No

Sheet customer data
A1: CustomerID | B1: Gender | C1: Partner | D1: Dependents | E1: DOB | F1: Age | G1: Age Group
A2: 7590-VHVEG | B2: Female | C2: Yes | D2: No | E2: 35824 | F2: =DATEDIF(E2,TODAY(),"Y") -> 28 | G2: =IF(F2<=20,"Young","Adult") -> Adult
A3: 5575-GNVDE | B3: Male | C3: No | D3: No | E3: 30571 | F3: =DATEDIF(E3,TODAY(),"Y") -> 42 | G3: =IF(F3<=20,"Young","Adult") -> Adult
A4: 3668-QPYBK | B4: Male | C4: No | D4: No | E4: 35200 | F4: =DATEDIF(E4,TODAY(),"Y") -> 30 | G4: =IF(F4<=20,"Young","Adult") -> Adult
A5: 7795-CFOCW | B5: Male | C5: No | D5: No | E5: 36941 | F5: =DATEDIF(E5,TODAY(),"Y") -> 25 | G5: =IF(F5<=20,"Young","Adult") -> Adult
A6: 9237-HQITU | B6: Female | C6: No | D6: No | E6: 29578 | F6: =DATEDIF(E6,TODAY(),"Y") -> 45 | G6: =IF(F6<=20,"Young","Adult") -> Adult
A7: 9305-CDSKC | B7: Female | C7: No | D7: No | E7: 32650 | F7: =DATEDIF(E7,TODAY(),"Y") -> 37 | G7: =IF(F7<=20,"Young","Adult") -> Adult
A8: 1452-KIOVK | B8: Male | C8: No | D8: Yes | E8: 32767 | F8: =DATEDIF(E8,TODAY(),"Y") -> 36 | G8: =IF(F8<=20,"Young","Adult") -> Adult
A9: 6713-OKOMC | B9: Female | C9: No | D9: No | E9: 29799 | F9: =DATEDIF(E9,TODAY(),"Y") -> 44 | G9: =IF(F9<=20,"Young","Adult") -> Adult
A10: 7892-POOKP | B10: Female | C10: Yes | D10: No | E10: 36839 | F10: =DATEDIF(E10,TODAY(),"Y") -> 25 | G10: =IF(F10<=20,"Young","Adult") -> Adult
A11: 6388-TABGU | B11: Male | C11: No | D11: Yes | E11: 35505 | F11: =DATEDIF(E11,TODAY(),"Y") -> 29 | G11: =IF(F11<=20,"Young","Adult") -> Adult
A12: 9763-GRSKD | B12: Male | C12: Yes | D12: Yes | E12: 39559 | F12: =DATEDIF(E12,TODAY(),"Y") -> 18 | G12: =IF(F12<=20,"Young","Adult") -> Young
A13: 7469-LKBCI | B13: Male | C13: No | D13: No | E13: 31330 | F13: =DATEDIF(E13,TODAY(),"Y") -> 40 | G13: =IF(F13<=20,"Young","Adult") -> Adult
... A7044: 3186-AJIEK | B7044: Male | C7044: No | D7044: No | E7044: 34336 | F7044: =DATEDIF(E7044,TODAY(),"Y") -> 32 | G7044: =IF(F7044<=20,"Young","Adult") -> Adult

Sheet Internet data 
A1: customerID | B1: MultipleLines | C1: OnlineSecurity | D1: OnlineBackup | E1: DeviceProtection | F1: TechSupport | G1: StreamingTV | H1: StreamingMovies | I1: InternetService | J1: Service_Count
A2: 7590-VHVEG | B2: No | C2: No | D2: Yes | E2: No | F2: No | G2: No | H2: No | I2: DSL | J2: 1
A3: 5575-GNVDE | B3: No | C3: Yes | D3: No | E3: Yes | F3: No | G3: No | H3: No | I3: DSL | J3: 2
A4: 3668-QPYBK | B4: No | C4: Yes | D4: Yes | E4: No | F4: No | G4: No | H4: No | I4: DSL | J4: 2
A5: 7795-CFOCW | B5: No | C5: Yes | D5: No | E5: Yes | F5: Yes | G5: No | H5: No | I5: DSL | J5: 3
A6: 9237-HQITU | B6: No | C6: No | D6: No | E6: No | F6: No | G6: No | H6: No | I6: Fiber optic | J6: 0
A7: 9305-CDSKC | B7: Yes | C7: No | D7: No | E7: Yes | F7: No | G7: Yes | H7: Yes | I7: Fiber optic | J7: 4
A8: 1452-KIOVK | B8: Yes | C8: No | D8: Yes | E8: No | F8: No | G8: Yes | H8: No | I8: Fiber optic | J8: 3
A9: 6713-OKOMC | B9: No | C9: Yes | D9: No | E9: No | F9: No | G9: No | H9: No | I9: DSL | J9: 1
A10: 7892-POOKP | B10: Yes | C10: No | D10: No | E10: Yes | F10: Yes | G10: Yes | H10: Yes | I10: Fiber optic | J10: 5
A11: 6388-TABGU | B11: No | C11: Yes | D11: Yes | E11: No | F11: No | G11: No | H11: No | I11: DSL | J11: 2
A12: 9763-GRSKD | B12: No | C12: Yes | D12: No | E12: No | F12: No | G12: No | H12: No | I12: DSL | J12: 1
A13: 7469-LKBCI | B13: No | C13: No | D13: No | E13: No | F13: No | G13: No | H13: No | I13: No | J13: 0
... A7044: 3186-AJIEK | B7044: No | C7044: Yes | D7044: No | E7044: Yes | F7044: Yes | G7044: Yes | H7044: Yes | I7044: Fiber optic | J7044: 5

Sheet final data
A1: customerID | B1: PhoneService | C1: Contract | D1: PaperlessBilling | E1: PaymentMethod | F1: tenure | G1: MonthlyCharges | H1: TotalCharges | I1: Churn | J1: =_xlfn.XLOOKUP(A1,'customer data'!A:A,'customer data'!B:B) -> Gender | K1: =_xlfn.XLOOKUP(A1,'customer data'!A:A,'customer data'!C:C) -> Partner | L1: =_xlfn.XLOOKUP(A1,'customer data'!A:A,'customer data'!G:G) -> Age Group | M1: =_xlfn.XLOOKUP(A1,'Internet data '!A:A,'Internet data '!F:F) -> TechSupport | N1: =_xlfn.XLOOKUP(A1,'Internet data '!A:A,'Internet data '!I:I) -> InternetService | O1: =_xlfn.XLOOKUP(A1,'Internet data '!A:A,'Internet data '!J:J) -> Service_Count
A2: 7590-VHVEG | B2: No | C2: Month-to-month | D2: Yes | E2: Electronic check | F2: 1 | G2: 29.85 | H2: 29.85 | I2: No | J2: =_xlfn.XLOOKUP(A2,'customer data'!A:A,'customer data'!B:B) -> Female | K2: =_xlfn.XLOOKUP(A2,'customer data'!A:A,'customer data'!C:C) -> Yes | L2: =_xlfn.XLOOKUP(A2,'customer data'!A:A,'customer data'!G:G) -> Adult | M2: =_xlfn.XLOOKUP(A2,'Internet data '!A:A,'Internet data '!F:F) -> No | N2: =_xlfn.XLOOKUP(A2,'Internet data '!A:A,'Internet data '!I:I) -> DSL | O2: =_xlfn.XLOOKUP(A2,'Internet data '!A:A,'Internet data '!J:J) -> 1
A3: 5575-GNVDE | B3: Yes | C3: One year | D3: No | E3: Mailed check | F3: 34 | G3: 56.95 | H3: 1889.5 | I3: No | J3: =_xlfn.XLOOKUP(A3,'customer data'!A:A,'customer data'!B:B) -> Male | K3: =_xlfn.XLOOKUP(A3,'customer data'!A:A,'customer data'!C:C) -> No | L3: =_xlfn.XLOOKUP(A3,'customer data'!A:A,'customer data'!G:G) -> Adult | M3: =_xlfn.XLOOKUP(A3,'Internet data '!A:A,'Internet data '!F:F) -> No | N3: =_xlfn.XLOOKUP(A3,'Internet data '!A:A,'Internet data '!I:I) -> DSL | O3: =_xlfn.XLOOKUP(A3,'Internet data '!A:A,'Internet data '!J:J) -> 2
A4: 3668-QPYBK | B4: Yes | C4: Month-to-month | D4: Yes | E4: Mailed check | F4: 2 | G4: 53.85 | H4: 108.15 | I4: Yes | J4: =_xlfn.XLOOKUP(A4,'customer data'!A:A,'customer data'!B:B) -> Male | K4: =_xlfn.XLOOKUP(A4,'customer data'!A:A,'customer data'!C:C) -> No | L4: =_xlfn.XLOOKUP(A4,'customer data'!A:A,'customer data'!G:G) -> Adult | M4: =_xlfn.XLOOKUP(A4,'Internet data '!A:A,'Internet data '!F:F) -> No | N4: =_xlfn.XLOOKUP(A4,'Internet data '!A:A,'Internet data '!I:I) -> DSL | O4: =_xlfn.XLOOKUP(A4,'Internet data '!A:A,'Internet data '!J:J) -> 2
A5: 7795-CFOCW | B5: No | C5: One year | D5: No | E5: Bank transfer (automatic) | F5: 45 | G5: 42.3 | H5: 1840.75 | I5: No | J5: =_xlfn.XLOOKUP(A5,'customer data'!A:A,'customer data'!B:B) -> Male | K5: =_xlfn.XLOOKUP(A5,'customer data'!A:A,'customer data'!C:C) -> No | L5: =_xlfn.XLOOKUP(A5,'customer data'!A:A,'customer data'!G:G) -> Adult | M5: =_xlfn.XLOOKUP(A5,'Internet data '!A:A,'Internet data '!F:F) -> Yes | N5: =_xlfn.XLOOKUP(A5,'Internet data '!A:A,'Internet data '!I:I) -> DSL | O5: =_xlfn.XLOOKUP(A5,'Internet data '!A:A,'Internet data '!J:J) -> 3
A6: 9237-HQITU | B6: Yes | C6: Month-to-month | D6: Yes | E6: Electronic check | F6: 2 | G6: 70.7 | H6: 151.65 | I6: Yes | J6: =_xlfn.XLOOKUP(A6,'customer data'!A:A,'customer data'!B:B) -> Female | K6: =_xlfn.XLOOKUP(A6,'customer data'!A:A,'customer data'!C:C) -> No | L6: =_xlfn.XLOOKUP(A6,'customer data'!A:A,'customer data'!G:G) -> Adult | M6: =_xlfn.XLOOKUP(A6,'Internet data '!A:A,'Internet data '!F:F) -> No | N6: =_xlfn.XLOOKUP(A6,'Internet data '!A:A,'Internet data '!I:I) -> Fiber optic | O6: =_xlfn.XLOOKUP(A6,'Internet data '!A:A,'Internet data '!J:J) -> 0
A7: 9305-CDSKC | B7: Yes | C7: Month-to-month | D7: Yes | E7: Electronic check | F7: 8 | G7: 99.65 | H7: 820.5 | I7: Yes | J7: =_xlfn.XLOOKUP(A7,'customer data'!A:A,'customer data'!B:B) -> Female | K7: =_xlfn.XLOOKUP(A7,'customer data'!A:A,'customer data'!C:C) -> No | L7: =_xlfn.XLOOKUP(A7,'customer data'!A:A,'customer data'!G:G) -> Adult | M7: =_xlfn.XLOOKUP(A7,'Internet data '!A:A,'Internet data '!F:F) -> No | N7: =_xlfn.XLOOKUP(A7,'Internet data '!A:A,'Internet data '!I:I) -> Fiber optic | O7: =_xlfn.XLOOKUP(A7,'Internet data '!A:A,'Internet data '!J:J) -> 4
A8: 1452-KIOVK | B8: Yes | C8: Month-to-month | D8: Yes | E8: Credit card (automatic) | F8: 22 | G8: 89.1 | H8: 1949.4 | I8: No | J8: =_xlfn.XLOOKUP(A8,'customer data'!A:A,'customer data'!B:B) -> Male | K8: =_xlfn.XLOOKUP(A8,'customer data'!A:A,'customer data'!C:C) -> No | L8: =_xlfn.XLOOKUP(A8,'customer data'!A:A,'customer data'!G:G) -> Adult | M8: =_xlfn.XLOOKUP(A8,'Internet data '!A:A,'Internet data '!F:F) -> No | N8: =_xlfn.XLOOKUP(A8,'Internet data '!A:A,'Internet data '!I:I) -> Fiber optic | O8: =_xlfn.XLOOKUP(A8,'Internet data '!A:A,'Internet data '!J:J) -> 3
A9: 6713-OKOMC | B9: No | C9: Month-to-month | D9: No | E9: Mailed check | F9: 10 | G9: 29.75 | H9: 301.9 | I9: No | J9: =_xlfn.XLOOKUP(A9,'customer data'!A:A,'customer data'!B:B) -> Female | K9: =_xlfn.XLOOKUP(A9,'customer data'!A:A,'customer data'!C:C) -> No | L9: =_xlfn.XLOOKUP(A9,'customer data'!A:A,'customer data'!G:G) -> Adult | M9: =_xlfn.XLOOKUP(A9,'Internet data '!A:A,'Internet data '!F:F) -> No | N9: =_xlfn.XLOOKUP(A9,'Internet data '!A:A,'Internet data '!I:I) -> DSL | O9: =_xlfn.XLOOKUP(A9,'Internet data '!A:A,'Internet data '!J:J) -> 1
A10: 7892-POOKP | B10: Yes | C10: Month-to-month | D10: Yes | E10: Electronic check | F10: 28 | G10: 104.8 | H10: 3046.05 | I10: Yes | J10: =_xlfn.XLOOKUP(A10,'customer data'!A:A,'customer data'!B:B) -> Female | K10: =_xlfn.XLOOKUP(A10,'customer data'!A:A,'customer data'!C:C) -> Yes | L10: =_xlfn.XLOOKUP(A10,'customer data'!A:A,'customer data'!G:G) -> Adult | M10: =_xlfn.XLOOKUP(A10,'Internet data '!A:A,'Internet data '!F:F) -> Yes | N10: =_xlfn.XLOOKUP(A10,'Internet data '!A:A,'Internet data '!I:I) -> Fiber optic | O10: =_xlfn.XLOOKUP(A10,'Internet data '!A:A,'Internet data '!J:J) -> 5
A11: 6388-TABGU | B11: Yes | C11: One year | D11: No | E11: Bank transfer (automatic) | F11: 62 | G11: 56.15 | H11: 3487.95 | I11: No | J11: =_xlfn.XLOOKUP(A11,'customer data'!A:A,'customer data'!B:B) -> Male | K11: =_xlfn.XLOOKUP(A11,'customer data'!A:A,'customer data'!C:C) -> No | L11: =_xlfn.XLOOKUP(A11,'customer data'!A:A,'customer data'!G:G) -> Adult | M11: =_xlfn.XLOOKUP(A11,'Internet data '!A:A,'Internet data '!F:F) -> No | N11: =_xlfn.XLOOKUP(A11,'Internet data '!A:A,'Internet data '!I:I) -> DSL | O11: =_xlfn.XLOOKUP(A11,'Internet data '!A:A,'Internet data '!J:J) -> 2
A12: 9763-GRSKD | B12: Yes | C12: Month-to-month | D12: Yes | E12: Mailed check | F12: 13 | G12: 49.95 | H12: 587.45 | I12: No | J12: =_xlfn.XLOOKUP(A12,'customer data'!A:A,'customer data'!B:B) -> Male | K12: =_xlfn.XLOOKUP(A12,'customer data'!A:A,'customer data'!C:C) -> Yes | L12: =_xlfn.XLOOKUP(A12,'customer data'!A:A,'customer data'!G:G) -> Young | M12: =_xlfn.XLOOKUP(A12,'Internet data '!A:A,'Internet data '!F:F) -> No | N12: =_xlfn.XLOOKUP(A12,'Internet data '!A:A,'Internet data '!I:I) -> DSL | O12: =_xlfn.XLOOKUP(A12,'Internet data '!A:A,'Internet data '!J:J) -> 1
A13: 7469-LKBCI | B13: Yes | C13: Two year | D13: No | E13: Credit card (automatic) | F13: 16 | G13: 18.95 | H13: 326.8 | I13: No | J13: =_xlfn.XLOOKUP(A13,'customer data'!A:A,'customer data'!B:B) -> Male | K13: =_xlfn.XLOOKUP(A13,'customer data'!A:A,'customer data'!C:C) -> No | L13: =_xlfn.XLOOKUP(A13,'customer data'!A:A,'customer data'!G:G) -> Adult | M13: =_xlfn.XLOOKUP(A13,'Internet data '!A:A,'Internet data '!F:F) -> No | N13: =_xlfn.XLOOKUP(A13,'Internet data '!A:A,'Internet data '!I:I) -> No | O13: =_xlfn.XLOOKUP(A13,'Internet data '!A:A,'Internet data '!J:J) -> 0
... A7044: 3186-AJIEK | B7044: Yes | C7044: Two year | D7044: Yes | E7044: Bank transfer (automatic) | F7044: 66 | G7044: 105.65 | H7044: 6844.5 | I7044: No | J7044: =_xlfn.XLOOKUP(A7044,'customer data'!A:A,'customer data'!B:B) -> Male | K7044: =_xlfn.XLOOKUP(A7044,'customer data'!A:A,'customer data'!C:C) -> No | L7044: =_xlfn.XLOOKUP(A7044,'customer data'!A:A,'customer data'!G:G) -> Adult | M7044: =_xlfn.XLOOKUP(A7044,'Internet data '!A:A,'Internet data '!F:F) -> Yes | N7044: =_xlfn.XLOOKUP(A7044,'Internet data '!A:A,'Internet data '!I:I) -> Fiber optic | O7044: =_xlfn.XLOOKUP(A7044,'Internet data '!A:A,'Internet data '!J:J) -> 5

Sheet CHURN DASHBOARD

Sheet CUSTOMER DASHBOARD

Sheet SERVICE DASHBOARD

Sheet KPI
A1: TOTAL CUSTOMERS = | B1: =COUNTA('customer data'!A:A) -> 7044
A2: TOTAL REVENUE = | B2: =SUM(Churn_Dat!H:H) -> 16056169
A3: CHURN RATE = | B3: =COUNTIF(Churn_Dat!I:I,"Yes")/COUNTA(Churn_Dat!I:I) -> 0.2653322

Sheet EXTRA KPI
A3: TOTAL CUSTOMER | C3: Row Labels | D3: TOTAL CHUNT CUSTOMER
A4: 1473 | C4: Yes | D4: 166 | E4: =GETPIVOTDATA("customerID",$C$3,"Churn","Yes") -> 166
A5: =GETPIVOTDATA("customerID",$A$3) -> 1473 | C5: Grand Total | D5: 166
A7: CHURN RATE = | B7: =GETPIVOTDATA("customerID",$C$3)/GETPIVOTDATA("customerID",$A$3) -> 0.11269518
A9: Average of MonthlyCharges
A10: 65.048608
A11: =GETPIVOTDATA("MonthlyCharges",$A$9) -> 65.048608
A12: ACTIVE CUSTOMERS = | B12: =GETPIVOTDATA("customerID",$A$3)-GETPIVOTDATA("customerID",$C$3) -> 1307

Sheet pivot charts and tables
A3: Row Labels | B3: Count of customerID | F3: Row Labels | G3: Count of customerID
A4: No | B4: 1307 | F4: Bank transfer (automatic) | G4: 391
A5: Yes | B5: 166 | F5: Credit card (automatic) | G5: 398
A6: Grand Total | B6: 1473 | F6: Electronic check | G6: 347
F7: Mailed check | G7: 337
A8: Row Labels | B8: Count of customerID | F8: Grand Total | G8: 1473
A9: One year | B9: 1473
A10: Grand Total | B10: 1473 | F10: Count of customerID | G10: Column Labels
F11: Row Labels | G11: No | H11: Yes | I11: Grand Total
F12: Low Usage | G12: 554 | H12: 30 | I12: 584
F13: Medium Usage | G13: 647 | H13: 110 | I13: 757
A14: Row Labels | B14: Count of customerID | F14: High Usage | G14: 106 | H14: 26 | I14: 132
A15: Female | B15: 718 | F15: Grand Total | G15: 1307 | H15: 166 | I15: 1473
A16: Male | B16: 755
A17: Grand Total | B17: 1473
A19: Count of customerID | B19: Column Labels
A20: Row Labels | B20: No | C20: Yes | D20: Grand Total
A21: Adult | B21: 1016 | C21: 120 | D21: 1136
A22: Young | B22: 291 | C22: 46 | D22: 337
A23: Grand Total | B23: 1307 | C23: 166 | D23: 1473
A25: Row Labels | B25: Count of customerID
A26: DSL | B26: 570
A27: Fiber optic | B27: 539
A28: No | B28: 364
A29: Grand Total | B29: 1473
A31: Count of customerID | B31: Column Labels
A32: Row Labels | B32: No | C32: Yes | D32: Grand Total
A33: No | B33: 830 | C33: 91 | D33: 921
A34: Yes | B34: 477 | C34: 75 | D34: 552
A35: Grand Total | B35: 1307 | C35: 166 | D35: 1473
A37: Count of customerID | B37: Column Labels
A38: Row Labels | B38: No | C38: Yes | D38: Grand Total
A39: Female | B39: 322 | C39: 396 | D39: 718
A40: Male | B40: 321 | C40: 434 | D40: 755
A41: Grand Total | B41: 643 | C41: 830 | D41: 1473

Sheet EXTRA PIVOT CHARTS AND TABLES
N2: TOP CUSTOMERS | O2: REVENUE
A3: Row Labels | B3: Sum of MonthlyCharges | N3: 5734-EJKXG | O3: 118.6
A4: 0 | B4: 19.7 | N4: 8199-ZLLSA | O4: 118.35
A5: 1 | B5: 198.85 | N5: 2889-FPWRM | O5: 117.8
A6: 2 | B6: 140.55 | N6: 4282-MSACW | O6: 117.2
A7: 3 | B7: 171 | N7: 3680-CTHUH | O7: 116.6
A8: 4 | B8: 234.2 | N8: 0186-CAERR | O8: 116.3
A9: 5 | B9: 130.2 | N9: 4374-YMUSQ | O9: 116.25
A10: 6 | B10: 172.25 | N10: 4868-AADLV | O10: 116.25
A11: 7 | B11: 507.95 | N11: 0052-DCKON | O11: 115.8
A12: 8 | B12: 279.15 | N12: 1444-VVSGW | O12: 115.65
A13: 9 | B13: 419.25 | N13: Grand Total | O13: 1168.8
A14: 10 | B14: 622.4
A15: 11 | B15: 498.5 | N15: TOP CUSTOMERS | O15: REVENUE
A16: 12 | B16: 1044.9 | N16: 7569-NMZYQ | O16: 118.75
A17: 13 | B17: 634.95 | N17: 8984-HPEMB | O17: 118.65
A18: 14 | B18: 514.05 | N18: 5734-EJKXG | O18: 118.6
A19: 15 | B19: 598.75 | N19: 5989-AXPUC | O19: 118.6
A20: 16 | B20: 233.25 | N20: 8199-ZLLSA | O20: 118.35
A21: 17 | B21: 1198 | N21: 9924-JPRMC | O21: 118.2
A22: 18 | B22: 538.05 | N22: 2889-FPWRM | O22: 117.8
A23: 19 | B23: 693.8 | N23: 3810-DVDQQ | O23: 117.6
A24: 20 | B24: 587.4 | N24: 9739-JLPQJ | O24: 117.5
A25: 21 | B25: 790.3 | N25: 2302-ANTDP | O25: 117.45
A26: 22 | B26: 948.35 | N26: Grand Total | O26: 1181.5
A27: 23 | B27: 1218.95
A28: 24 | B28: 885.25
A29: 25 | B29: 884.95
A30: 26 | B30: 1351.15
A31: 27 | B31: 1266.7
A32: 28 | B32: 1463.35
A33: 29 | B33: 923.35
A34: 30 | B34: 1202.05
A35: 31 | B35: 1123.8
A36: 32 | B36: 1115.05
A37: 33 | B37: 1324.1
A38: 34 | B38: 1168.8
... A76: 72 | B76: 1701.65
A77: Grand Total | B77: 95816.6

Sheet MAIN DASHBOARD
